mean_increment,mean_final_pnl,std_final_pnl,prob_positive,mean_n_rebalances,scenario
-0.05877080901058781,-14.810243870668124,250.67618703417781,0.74,0.0,Zero Fees / No Rebal
0.5319730003446415,134.05719608684964,236.1308109419104,0.82,0.0,Fees / No Rebal
0.5319730003446415,134.05719608684964,236.1308109419104,0.82,0.0,Fees / Rebal
