mean_increment,mean_final_pnl,std_final_pnl,prob_positive,scenario
-0.4348609272965377,-109.5849536787275,347.5848892414861,0.74,Zero Fees / No Rebal
-0.08507800794149785,-21.439658001257463,369.35585031309733,0.82,Fees / No Rebal
-0.2622874175201886,-66.09642921508754,313.3640972811918,0.56,Fees / Rebal
